{
  "code": "200",
  "message": "success",
  "results": [
    {
      "default":true,
      "no": "12345678",
      "name":"张三",
      "status": "等发货",
      "address":"大连西岗中山啊啊啊啊啊啊啊啊啊啊啊啊啊啊啊啊啊啊啊啊啊啊啊啊啊",
      "price":"380",
      "tel":"1388888888",
      "count":"2",
      "total":"720"
    },
    {
      "default":false,
      "no": "87654321",
      "name":"李四",
      "status": "等发货",
      "address":"大连",
      "price":"380",
      "tel":"13999999999",
      "count":"2",
      "total":"720"
    }
  ]
}