{
  "code": "200",
  "message": "success",
  "results": [
    {
      "no": "12345678",
      "name":"啊啊啊啊啊啊啊啊啊啊啊啊啊啊啊啊啊啊啊啊啊啊啊啊啊啊啊啊啊精品",
      "status": "付款成功",
      "discounted":"200",
      "price":"380",
      "img":"",
      "count":"2",
      "total":"720",
      "orderNo":"1234567",
      "personNm": "秦丽",
      "tel": "13055789273",
      "address":"沈阳市皇姑区重山中路66号",
      "allCost":"1000",
      "returnCash":"10",
      "carriage":"20",
      "discount":"50",
      "balance":"900",
      "balanceTime":"2016-03-04 13:11:23"
    },
    {
      "no": "87654321",
      "name":"",
      "status": "等发货",
      "discounted":"200",
      "price":"380",
      "img":"",
      "count":"2",
      "total":"720"
    },
    {
      "no": "87654322",
      "name":"",
      "status": "已完成",
      "discounted":"200",
      "price":"380",
      "img":"",
      "count":"2",
      "total":"720"
    },
    {
      "no": "87654323",
      "name":"",
      "status": "等发货",
      "discounted":"200",
      "price":"380",
      "img":"",
      "count":"2",
      "total":"720"
    },
    {
      "no": "87654324",
      "name":"",
      "status": "等发货",
      "discounted":"",
      "price":"380",
      "img":"",
      "count":"2",
      "total":"720"
    },
    {
      "no": "87654325",
      "name":"",
      "status": "等发货",
      "discounted":"200",
      "price":"380",
      "img":"",
      "count":"2",
      "total":"720"
    }
  ]
}